201511,14,03,31,http://katsumi.exe.nu/storage.php,Mozilla/5.0 (iPhone; CPU iPhone OS 9_1 like Mac OS X) AppleWebKit/601.1.46 (KHTML, like Gecko) Version/9.0 Mobile/13B143 Safari/601.1,016,1112,
201511,14,03,33,http://katsumi.exe.nu/storage.php,Mozilla/5.0 (iPhone; CPU iPhone OS 9_1 like Mac OS X) AppleWebKit/601.1.46 (KHTML, like Gecko) Version/9.0 Mobile/13B143 Safari/601.1,016,1112,
201511,19,00,46,http://katsumi.exe.nu/storage.php,Mozilla/5.0 (Windows NT 6.1; WOW64; Trident/7.0; rv:11.0) like Gecko,016,1112,
201511,19,02,31,http://katsumi.exe.nu/storage.php,Mozilla/5.0 (compatible; MSIE 10.0; Windows NT 6.1; WOW64; Trident/6.0),016,1112,
201511,19,02,34,http://katsumi.exe.nu/storage.php,Mozilla/5.0 (compatible; MSIE 10.0; Windows NT 6.1; WOW64; Trident/6.0),016,1112,
201511,19,02,34,http://katsumi.exe.nu/storage.php?lg=1112&ps=1462&log=LOGIN,Mozilla/5.0 (compatible; MSIE 10.0; Windows NT 6.1; WOW64; Trident/6.0),016,1112,
201511,19,02,35,http://katsumi.exe.nu/storage.php?lg=1112&ps=1492&log=LOGIN,Mozilla/5.0 (compatible; MSIE 10.0; Windows NT 6.1; WOW64; Trident/6.0),016,1112,
201511,19,02,35,http://katsumi.exe.nu/storage.php?pg=2&lg=1112&ps=1492,Mozilla/5.0 (compatible; MSIE 10.0; Windows NT 6.1; WOW64; Trident/6.0),016,1112,
201511,19,02,38,http://katsumi.exe.nu/storage.php?pg=1&lg=1112&ps=1492,Mozilla/5.0 (compatible; MSIE 10.0; Windows NT 6.1; WOW64; Trident/6.0),016,1112,
201511,19,02,41,http://katsumi.exe.nu/storage.php?pg=2&lg=1112&ps=1492,Mozilla/5.0 (compatible; MSIE 10.0; Windows NT 6.1; WOW64; Trident/6.0),016,1112,
201511,19,02,45,http://katsumi.exe.nu/storage.php?pg=3&lg=1112&ps=1492,Mozilla/5.0 (compatible; MSIE 10.0; Windows NT 6.1; WOW64; Trident/6.0),016,1112,
201511,19,02,48,http://katsumi.exe.nu/storage.php?pg=4&lg=1112&ps=1492,Mozilla/5.0 (compatible; MSIE 10.0; Windows NT 6.1; WOW64; Trident/6.0),016,1112,
201511,19,02,50,http://katsumi.exe.nu/storage.php,Mozilla/5.0 (iPhone; CPU iPhone OS 8_4 like Mac OS X) AppleWebKit/600.1.4 (KHTML, like Gecko) Mobile/12H143 Twitter for iPhone,016,1112,
201511,19,02,50,http://katsumi.exe.nu/storage.php,Mozilla/5.0 (iPhone; CPU iPhone OS 8_4 like Mac OS X) AppleWebKit/600.1.4 (KHTML, like Gecko) Mobile/12H143 Twitter for iPhone,016,1112,
201511,19,03,14,http://katsumi.exe.nu/storage.php,Mozilla/5.0 (iPhone; CPU iPhone OS 8_4 like Mac OS X) AppleWebKit/600.1.4 (KHTML, like Gecko) Version/8.0 Mobile/12H143 Safari/600.1.4,016,1112,
201511,19,03,21,http://katsumi.exe.nu/storage.php,Mozilla/5.0 (compatible; MSIE 10.0; Windows NT 6.1; WOW64; Trident/6.0),016,1112,
201511,19,03,21,http://katsumi.exe.nu/storage.php?lg=1112&ps=1492&log=LOGIN,Mozilla/5.0 (compatible; MSIE 10.0; Windows NT 6.1; WOW64; Trident/6.0),016,1112,
201511,19,03,22,http://katsumi.exe.nu/storage.php?pg=6&lg=1112&ps=1492,Mozilla/5.0 (compatible; MSIE 10.0; Windows NT 6.1; WOW64; Trident/6.0),016,1112,
201511,19,03,24,http://katsumi.exe.nu/storage.php?pg=5&lg=1112&ps=1492,Mozilla/5.0 (compatible; MSIE 10.0; Windows NT 6.1; WOW64; Trident/6.0),016,1112,
201511,19,03,27,http://katsumi.exe.nu/storage.php?pg=6&lg=1112&ps=1492,Mozilla/5.0 (compatible; MSIE 10.0; Windows NT 6.1; WOW64; Trident/6.0),016,1112,
201511,19,03,29,http://katsumi.exe.nu/storage.php?pg=7&lg=1112&ps=1492,Mozilla/5.0 (compatible; MSIE 10.0; Windows NT 6.1; WOW64; Trident/6.0),016,1112,
201511,19,03,30,http://katsumi.exe.nu/storage.php?pg=8&lg=1112&ps=1492,Mozilla/5.0 (compatible; MSIE 10.0; Windows NT 6.1; WOW64; Trident/6.0),016,1112,
201511,19,03,30,http://katsumi.exe.nu/storage.php?pg=9&lg=1112&ps=1492,Mozilla/5.0 (compatible; MSIE 10.0; Windows NT 6.1; WOW64; Trident/6.0),016,1112,
201511,19,03,31,http://katsumi.exe.nu/storage.php?pg=10&lg=1112&ps=1492,Mozilla/5.0 (compatible; MSIE 10.0; Windows NT 6.1; WOW64; Trident/6.0),016,1112,
201511,19,03,32,http://katsumi.exe.nu/storage.php?pg=11&lg=1112&ps=1492,Mozilla/5.0 (compatible; MSIE 10.0; Windows NT 6.1; WOW64; Trident/6.0),016,1112,
201511,19,03,33,http://katsumi.exe.nu/storage.php?pg=12&lg=1112&ps=1492,Mozilla/5.0 (compatible; MSIE 10.0; Windows NT 6.1; WOW64; Trident/6.0),016,1112,
201511,19,03,34,http://katsumi.exe.nu/storage.php?pg=13&lg=1112&ps=1492,Mozilla/5.0 (compatible; MSIE 10.0; Windows NT 6.1; WOW64; Trident/6.0),016,1112,
201511,19,03,37,http://katsumi.exe.nu/storage.php?pg=14&lg=1112&ps=1492,Mozilla/5.0 (compatible; MSIE 10.0; Windows NT 6.1; WOW64; Trident/6.0),016,1112,
201511,19,03,39,http://katsumi.exe.nu/storage.php?pg=15&lg=1112&ps=1492,Mozilla/5.0 (compatible; MSIE 10.0; Windows NT 6.1; WOW64; Trident/6.0),016,1112,
201511,19,03,42,http://katsumi.exe.nu/storage.php?pg=16&lg=1112&ps=1492,Mozilla/5.0 (compatible; MSIE 10.0; Windows NT 6.1; WOW64; Trident/6.0),016,1112,
201511,19,03,44,http://katsumi.exe.nu/storage.php?pg=17&lg=1112&ps=1492,Mozilla/5.0 (compatible; MSIE 10.0; Windows NT 6.1; WOW64; Trident/6.0),016,1112,
201511,19,03,45,http://katsumi.exe.nu/storage.php?pg=18&lg=1112&ps=1492,Mozilla/5.0 (compatible; MSIE 10.0; Windows NT 6.1; WOW64; Trident/6.0),016,1112,
201511,19,03,45,http://katsumi.exe.nu/storage.php?pg=19&lg=1112&ps=1492,Mozilla/5.0 (compatible; MSIE 10.0; Windows NT 6.1; WOW64; Trident/6.0),016,1112,
201511,19,03,47,http://katsumi.exe.nu/storage.php?pg=20&lg=1112&ps=1492,Mozilla/5.0 (compatible; MSIE 10.0; Windows NT 6.1; WOW64; Trident/6.0),016,1112,
201511,19,03,50,http://katsumi.exe.nu/storage.php?pg=21&lg=1112&ps=1492,Mozilla/5.0 (compatible; MSIE 10.0; Windows NT 6.1; WOW64; Trident/6.0),016,1112,
201511,19,03,52,http://katsumi.exe.nu/storage.php?pg=22&lg=1112&ps=1492,Mozilla/5.0 (compatible; MSIE 10.0; Windows NT 6.1; WOW64; Trident/6.0),016,1112,
201511,19,03,54,http://katsumi.exe.nu/storage.php?pg=23&lg=1112&ps=1492,Mozilla/5.0 (compatible; MSIE 10.0; Windows NT 6.1; WOW64; Trident/6.0),016,1112,
201511,19,03,54,http://katsumi.exe.nu/storage.php?pg=24&lg=1112&ps=1492,Mozilla/5.0 (compatible; MSIE 10.0; Windows NT 6.1; WOW64; Trident/6.0),016,1112,
201511,19,03,56,http://katsumi.exe.nu/storage.php?pg=25&lg=1112&ps=1492,Mozilla/5.0 (compatible; MSIE 10.0; Windows NT 6.1; WOW64; Trident/6.0),016,1112,
201511,19,03,59,http://katsumi.exe.nu/storage.php?pg=26&lg=1112&ps=1492,Mozilla/5.0 (compatible; MSIE 10.0; Windows NT 6.1; WOW64; Trident/6.0),016,1112,
201511,19,04,01,http://katsumi.exe.nu/storage.php?pg=27&lg=1112&ps=1492,Mozilla/5.0 (compatible; MSIE 10.0; Windows NT 6.1; WOW64; Trident/6.0),016,1112,
201511,19,04,03,http://katsumi.exe.nu/storage.php?pg=28&lg=1112&ps=1492,Mozilla/5.0 (compatible; MSIE 10.0; Windows NT 6.1; WOW64; Trident/6.0),016,1112,
201511,19,04,04,http://katsumi.exe.nu/storage.php?pg=29&lg=1112&ps=1492,Mozilla/5.0 (compatible; MSIE 10.0; Windows NT 6.1; WOW64; Trident/6.0),016,1112,
201511,19,04,06,http://katsumi.exe.nu/storage.php?pg=30&lg=1112&ps=1492,Mozilla/5.0 (compatible; MSIE 10.0; Windows NT 6.1; WOW64; Trident/6.0),016,1112,
201511,19,04,08,http://katsumi.exe.nu/storage.php?pg=31&lg=1112&ps=1492,Mozilla/5.0 (compatible; MSIE 10.0; Windows NT 6.1; WOW64; Trident/6.0),016,1112,
201511,19,04,11,http://katsumi.exe.nu/storage.php?pg=32&lg=1112&ps=1492,Mozilla/5.0 (compatible; MSIE 10.0; Windows NT 6.1; WOW64; Trident/6.0),016,1112,
201511,19,04,12,http://katsumi.exe.nu/storage.php?pg=33&lg=1112&ps=1492,Mozilla/5.0 (compatible; MSIE 10.0; Windows NT 6.1; WOW64; Trident/6.0),016,1112,
201511,19,04,16,http://katsumi.exe.nu/storage.php,Mozilla/5.0 (iPhone; CPU iPhone OS 8_4 like Mac OS X) AppleWebKit/600.1.4 (KHTML, like Gecko) Version/8.0 Mobile/12H143 Safari/600.1.4,016,1112,
