201701,05,04,55,null,Mozilla/5.0 (compatible; Googlebot/2.1; +http://www.google.com/bot.html),
201701,05,21,10,http://www.google.co.jp/url?sa=t&rct=j&q=&esrc=s&source=web&cd=4&cad=rja&uact=8&ved=0ahUKEwjIxdC-_KrRAhXMRI8KHR30ASgQFggmMAM&url=http%3A%2F%2Fkatsumi.exe.in.net%2F&usg=AFQjCNGPA56t0bFNSK3_tWuBuDKcK8qrww&bvm=bv.142059868,d.c2I,Mozilla/5.0 (Windows NT 6.1; Trident/7.0; rv:11.0) like Gecko,
201701,05,21,11,http://katsumi.exe.in.net/photo.php,Mozilla/5.0 (Windows NT 6.1; Trident/7.0; rv:11.0) like Gecko,
201701,05,21,12,http://katsumi.exe.in.net/model.php,Mozilla/5.0 (Windows NT 6.1; Trident/7.0; rv:11.0) like Gecko,
201701,11,18,29,null,Mozilla/5.0 (compatible; AhrefsBot/5.2; +http://ahrefs.com/robot/),
201701,13,19,55,null,Mozilla/5.0 (compatible; AhrefsBot/5.2; +http://ahrefs.com/robot/),
201701,15,08,11,null,Mozilla/5.0 (compatible; BLEXBot/1.0; +http://webmeup-crawler.com/),
201701,16,01,12,https://www.google.co.jp/,Mozilla/5.0 (Windows NT 5.1) AppleWebKit/537.36 (KHTML, like Gecko) Chrome/49.0.2623.112 Safari/537.36,
201701,16,01,13,http://katsumi.exe.in.net/model.php,Mozilla/5.0 (Windows NT 5.1) AppleWebKit/537.36 (KHTML, like Gecko) Chrome/49.0.2623.112 Safari/537.36,
201701,17,03,39,null,Go-http-client/1.1,
201701,21,03,34,null,Go-http-client/1.1,
201701,22,01,07,null,Mozilla/5.0 (compatible; Googlebot/2.1; +http://www.google.com/bot.html),
201701,22,02,19,null,Mozilla/5.0 (compatible; AhrefsBot/5.2; +http://ahrefs.com/robot/),
201701,23,20,51,null,Mozilla/5.0 (iPhone; CPU iPhone OS 8_3 like Mac OS X) AppleWebKit/600.1.4 (KHTML, like Gecko) Version/8.0 Mobile/12F70 Safari/600.1.4 (compatible; Laserlikebot/0.1),
201701,24,17,19,null,Mozilla/5.0 (Linux; Android 6.0.1; Nexus 5X Build/MMB29P) AppleWebKit/537.36 (KHTML, like Gecko) Chrome/41.0.2272.96 Mobile Safari/537.36 (compatible; Googlebot/2.1; +http://www.google.com/bot.html),
